{"count":1,"self":47.923190399999996,"total":49.0347133,"children":{"InitializeActuators":{"count":1,"self":0.0069800999999999995,"total":0.0069800999999999995,"children":null},"InitializeSensors":{"count":1,"self":0.0049876999999999994,"total":0.0049876999999999994,"children":null},"AgentSendState":{"count":1915,"self":0.019934,"total":0.08288319999999999,"children":{"CollectObservations":{"count":308,"self":0.047919199999999995,"total":0.047919199999999995,"children":null},"WriteActionMask":{"count":308,"self":0.0010324,"total":0.0010324,"children":null},"RequestDecision":{"count":308,"self":0.013997599999999999,"total":0.013997599999999999,"children":null}}},"DecideAction":{"count":1915,"self":0.973447,"total":0.973447,"children":null},"AgentAct":{"count":1915,"self":0.0422276,"total":0.0422276,"children":null}},"gauges":{},"metadata":{"timer_format_version":"0.1.0","start_time_seconds":"1679442313","unity_version":"2021.3.17f1","command_line_arguments":"C:\\Program Files\\Unity\\Hub\\Editor\\2021.3.17f1\\Editor\\Unity.exe -projectpath C:\\Users\\Cynthia\\Documents\\GitHub\\RacingRush -useHub -hubIPC -cloudEnvironment production -licensingIpc LicenseClient-Cynthia -hubSessionId bc2348f0-c83e-11ed-ad98-d965a29415fb -accessToken Qpdv06dy-Xg97vZ3I5uR2ivdZiy4kK1Sfe9nF0Jo5lg001f","communication_protocol_version":"1.5.0","com.unity.ml-agents_version":"2.0.1","scene_name":"WinScene","end_time_seconds":"1679442361"}}